BaBe+ - Berita Indonesia,0.0
Basketball Stars,0.0
Davis's Drug Guide for Nurses,0.0
Bloomberg Professional,-0.02335272366522368
Blue CareOnDemand,0.0
Bagan - Myanmar Keyboard,0.0
Candy Pop Story,0.04241514756944446
Classic Calculator,0.0
Cricbuzz - Live Cricket Scores & News,0.0
"AOL - News, Mail & Video",0.0
Collage&Add Stickers papelook,0.0
Arrow.io,0.0
CALCU‚Ñ¢ Stylish Calculator Free,0.0
BELONG Beating Cancer Together,0.0
Bubble Shooter,0.0
All-in-One Mahjong 3 FREE,0.0
Amazon Shopping,0.0
Basketball FRVR - Shoot the Hoop and Slam Dunk!,0.0
"CM Launcher 3D - Theme, Wallpapers, Efficient",0.0
ColorFil - Adult Coloring Book,0.0
A+ Mobile,0.0
Blood Donor,0.0
Buienradar - weer,0.0
Calculator with Percent (Free),0.0
Calorie Counter by FatSecret,0.0
2GIS: directory & navigator,0.21856189954051794
Alarm Clock,0.0
Barbie Life‚Ñ¢,0.0
Baseball Boy!,0.012272397197141408
Cover Fire: offline shooting games for free,0.0
BBVA Spain,0.0
Banco Ita√∫,0.10414846301359458
Colorfy: Coloring Book for Adults - Free,0.0
CompTIA Exam Training,0.0
7 Minute Workout,0.0
8 Ball Pool,0.0
BBC News,0.0
CMB Free Dating App,0.0
Championat,0.20270756958256958
Cooking Fever,0.0
Cricket Visual Voicemail,0.06285360542409414
4K Wallpapers and Ultra HD Backgrounds,0.0
BEST CAR SOUNDS,0.0
Christian Dating For Free App,0.0
Cool Popular Ringtones 2018 üî•,0.0
Crazy Colors: Bubbles Matching,0.0
Diabetes:M,0.0
All Email Providers,0.0
Birdays ‚Äì Birthday reminder,0.0
Clash Royale,0.0
Brilliant,0.0
Choice Hotels,0.0
Blur Image Background Editor (Blur Photo Editor),0.0
Cut the Rope 2,0.0
BankMobile Vibe App,0.0
"BuzzFeed: News, Tasty, Quizzes",0.0
"CBS Sports App - Scores, News, Stats & Watch Live",0.0
"Calm - Meditate, Sleep, Relax",0.0
Boys Photo Editor - Six Pack & Men's Suit,0.0
Cute wallpapers & kawaii backgrounds images,0.0
Camera MX - Free Photo & Video Camera,0.0
Deep Sleep and Relax Hypnosis,0.0
Accounting App - Zoho Books,0.0
Air Traffic,0.0
Burner - Free Phone Number,0.0
Brightest Flashlight Free ¬Æ,0.0
Chrome Dev,0.0
Brain Waves - Binaural Beats,0.22173148899711398
DIY On A Budget,0.0
Box,0.0
Crackle - Free TV & Movies,0.0
Device Help,0.0
"AVG Cleaner ‚Äì Speed, Battery & Memory Booster",0.0
Cheapflights ‚Äì Flight Search,0.0
DMV Permit Practice Test 2018 Edition,0.0
Call Blocker,0.0
Brightest LED Flashlight,0.0
CIA - Caller ID & Call Blocker,0.0
Candy Crush Jelly Saga,0.0
591ÊàøÂ±ã‰∫§Êòì-ÁßüÂ±ã„ÄÅ‰∏≠Âè§Â±ã„ÄÅÊñ∞Âª∫Ê°à„ÄÅÂØ¶ÂÉπÁôªÈåÑ„ÄÅÂà•Â¢ÖÈÄèÂ§©„ÄÅÂÖ¨ÂØìÂ•óÊàø„ÄÅÊç∑ÈÅã„ÄÅË≤∑ÊàøË≥£ÊàøË°åÊÉÖ„ÄÅÊàøÂÉπÊàøË≤∏Êü•Ë©¢,0.0
ABC News - US & World News,0.0
Anime Avatar Creator: Make Your Own Avatar,0.0
Cooking Channel,0.0
DaBang - Rental Homes in Korea,0.0
Animal Jam - Play Wild!,0.0
Bank of America Mobile Banking,0.0
"Bleacher Report: sports news, scores, & highlights",0.0
Blogaway for Android (Blogger),0.0
Camera360 Lite - Selfie Camera,0.0
"CheapTickets ‚Äì Hotels, Flights & Travel Deals",0.0
CompTIA A+ Pocket Prep,0.0
Android Messages,0.0
Brit + Co,0.0
"CM Flashlight (Compass, SOS)",0.0
Capitec Remote Banking,0.0
Brasileir√£o Pro 2018 - S√©rie A e B,0.5508720238095239
Contacts,0.0
Diamond Zipper Lock Screen,0.0
Dictionary - Merriam-Webster,0.0
AT&T Visual Voicemail,0.0
Advanced Task Killer,0.0
Anger of stick 5 : zombie,0.0
Beauty Makeup ‚Äì Photo Makeover,0.0
Alto's Adventure,0.0
Banfield Pet Health Tracker,0.07034832911034836
850 Sports News Digest,0.0
ANA,0.0
C Programming,0.0
ColorNote Notepad Notes,0.0
Angry Birds Classic,0.0
BetterMe: Weight Loss Workouts,0.0
CVS Caremark,0.0
Comedy Central,0.18626208039036984
AutoCAD - DWG Viewer & Editor,0.0
CATS: Crash Arena Turbo Stars,0.0
Discover Mobile,0.0
Animated Photo Editor,0.0
Backgrounds HD (Wallpapers),0.0
BukuBayi - Perkembangan Bayi,0.0
"Calculator - free calculator, multi calculator app",0.0
Canvas Student,0.0
Checkout 51: Grocery coupons,0.0
ABC Kids - Tracing & Phonics,0.0
Alfred Home Security Camera,0.0
Block Puzzle Classic Legend !,0.0
Be A Legend: Soccer,0.0
C++ Programming,0.0
"CM Browser - Ad Blocker , Fast Download , Privacy",0.0
"Club Factory Everything, Unbeaten Price",0.0
Barbie‚Ñ¢ Fashion Closet,0.0
"All Football GO- Live Score, Games",0.0
Birds Sounds Ringtones & Wallpapers,0.0
2ndLine - Second Phone Number,0.17330072705072705
Blackpink as if it's your last,0.0
Cameringo Lite. Filters Camera,0.0
Citizens Bank Mobile Banking,0.0
Compass,0.0
CW Seed,0.0
Digital Alarm Clock,0.0
Bike Computer - GPS Cycling Tracker,0.0
CBS News,0.0
Adult Glitter Color by Number Book - Sandbox Pages,0.0
Apk Installer,0.0
ChefTap Recipes & Grocery List,0.0
"AD - Nieuws, Sport, Regio & Entertainment",0.0
ASUS Gallery,0.0
All Events in City,0.0
Daum Mail - Îã§Ïùå Î©îÏùº,0.0
Beautiful Design Birthday Cake,0.0
"BestCam Selfie-selfie, beauty camera, photo editor",0.0
"Black Wallpaper, AMOLED, Dark Background: Darkify",0.0
BlueJeans for Android,0.0
Calendar Widget Month + Agenda,0.0
Checkers ‚úîÔ∏è,0.0
DEAD TARGET: FPS Zombie Apocalypse Survival Games,0.0
AMC Theatres,0.0
Crossy Road,0.0
Daniel Tiger for Parents,0.0
Beauty Selfie Camera,0.0
Camera360: Selfie Photo Editor with Funny Sticker,0.0
"Cymera Camera- Photo Editor, Filter,Collage,Layout",0.0
Bubble Shooter Genies,0.0
Cheap hotel deals and discounts ‚Äî Hotellook,0.0
Create A Superhero HD,0.0
Daily Workouts - Exercise Fitness Routine Trainer,0.0
ARY NEWS URDU,0.0
Candy Crush Saga,0.02716362264278928
ABCmouse.com,0.0
Blinkist - Nonfiction Books,0.0
Cardboard,0.0
Browser 4G,0.0
Chase Mobile,0.04651444628888238
Barcode Scanner,0.0
CityMaps2Go Plan Trips Travel Guide Offline Maps,0.31709577922077925
CppDroid - C/C++ IDE,0.0
Anatomy Learning - 3D Atlas,0.0
"All-In-One Toolbox: Cleaner, Booster, App Manager",0.0
2RedBeans,0.0
BeWild Free Dating & Chat App,0.0
Black White Interracial Dating - Interracial Match,0.0
AirBrush: Easy Photo Editor,0.0
Amazon Drive,0.0
Build a Bridge!,0.0
CNN Breaking US & World News,0.0
Despegar.com Hoteles y Vuelos,0.0
Beautiful Widgets Pro,0.0
Butterfly Live Wallpaper,0.0
"Color Call - Caller Screen, LED Flash",0.0
AT&T Smart Wi-Fi,0.0
All Video Downloader 2018,0.0
Couch to 10K Running Trainer,0.33737879109977326
Couple - Relationship App,0.0
Apple Daily ËòãÊûúÂãïÊñ∞ËÅû,0.0
Caf - Mon Compte,0.0
Choices: Stories You Play,0.0
AutoScout24 Switzerland ‚Äì Find your new car,0.0
"Cash, Inc. Money Clicker Game & Business Adventure",0.0
Credit Karma,0.0
DRAGON BALL LEGENDS,0.0
Amex Mobile,0.0
Calls Blacklist - Call Blocker,0.0
A Call From Santa Claus!,0.0
Cinemark Theatres,0.07015540674603174
Colorful Glitter Neon Butterfly Keyboard Theme,0.0
Animal Planet GO,0.0
Brightest Flashlight - LED Light,0.0
Cisco Webex Meetings,0.0
BBWCupid - BBW Dating App,0.0
Bualuang mBanking,0.0
Calculator - unit converter,0.0
British Airways,0.0
3D Live Neon Weed Launcher,0.0
AirAsia,0.0
Detector de Radares Gratis,0.42858539310152216
Diary with lock,0.0
"B√ÅO M·ªöI - ƒê·ªçc B√°o, Tin T·ª©c 24h",0.0
Chakra Cleansing,0.42473518668831184
COOKING MAMA Let's Cook!,0.0
Call of Duty:Black Ops Zombies,0.0
Adult Dating - AdultFinder,0.0
Apartments.com Rental Search,0.0
Archos File Manager,0.0
"Breaking News, Local news, Attacks and Alerts Free",0.0
Chapters: Interactive Stories,0.0
ChatVideo Meet new people,0.0
"Delivery Club‚Äì–î–æ—Å—Ç–∞–≤–∫–∞ –µ–¥—ã:–ø–∏—Ü—Ü–∞,—Å—É—à–∏,–±—É—Ä–≥–µ—Ä,—Å–∞–ª–∞—Ç",0.0
Anthem Anywhere,0.0
Blood Pressure,0.0
Calls & Text by Mo+,0.0
Acorns - Invest Spare Change,0.0
Baby Panda‚Äôs Juice Shop,0.0
Bricks n Balls,0.0
Coloring book moana,0.0
Daily Manga - Comic & Webtoon,0.0
All Mental disorders,0.0
Color by Number - Draw Sandbox Pixel Art,0.0
Cool Reader,0.0
Aviary Effects: Classic,0.0
Bathroom Decorating Ideas,0.36267578124999994
Buzz Launcher-Smart&Free Theme,0.0
Disney Heroes: Battle Mode,0.0
"2Date Dating App, Love and matching",0.0
ADW Launcher 2,0.0
Best Fiends - Free Puzzle Game,0.0
Allrecipes Dinner Spinner,0.0
Call Free ‚Äì Free Call,0.0
Chess PRO Free,0.0
"Baca- Berita Terbaru, Informasi, Gosip dan Politik",0.0
DELISH KITCHEN - ÁÑ°Êñô„É¨„Ç∑„ÉîÂãïÁîª„ÅßÊñôÁêÜ„ÇíÊ•Ω„Åó„Åè„ÉªÁ∞°Âçò„Å´ÔºÅ,0.0
Amino: Communities and Chats,0.0
"Carousell: Snap-Sell, Chat-Buy",0.0
Cartoon Network App,0.0
Contacts+,0.0
"AT&T Navigator: Maps, Traffic",0.0
Beautiful Widgets Free,0.013460700757575767
Calorie Counter - Macros,0.24351839550913634
Dating for 50 plus Mature Singles ‚Äì FINALLY,0.0
Blidz - Hunt Free Deals On Trending Items!,0.0
CBS Sports Fantasy,0.0
CNBC: Breaking Business News & Live Market Data,0.0
Diabetes & Diet Tracker,0.0
DigiCal Calendar Agenda,0.0
Banorte Movil,0.0
Best Wallpapers QHD,0.0
"BigOven Recipes, Meal Planner, Grocery List & More",0.32822240259740265
Branch,0.264229797979798
Clue,0.0
"CallApp: Caller ID, Blocker & Phone Call Recorder",0.0
ColorSnap¬Æ Visualizer,0.0
Cooking Madness - A Chef's Restaurant Games,0.0
Bancomer m√≥vil,-0.06942138879638879
Barbie Magical Fashion,0.0
Bluebird by American Express,0.0
Color Flashlight,0.0
Czech Public Transport IDOS,0.0
Backgrounds (HD Wallpapers),0.0
Caviar - Food Delivery,0.0
Airway Ex - Intubate. Anesthetize. Train.,0.0
App vault,0.0
Associated Credit Union Mobile,0.0
"Calculator - free calculator ,multi calculator app",0.0
BeSoccer - Soccer Live Score,0.0
Chrome Beta,0.0
DashClock Widget,0.0
AccuWeather: Daily Forecast & Live Weather Reports,0.0
BIG Launcher,0.18406735358658435
Calendar+ Schedule Planner App,0.0
"Blendr - Chat, Flirt & Meet",0.0
Curriculum vitae App CV Builder Free Resume Maker,0.0
3D Color Pixel by Number - Sandbox Art Coloring,0.0
ASUS SuperNote,0.0
Chess School for Beginners,0.0
AC - Tips & News for Android‚Ñ¢,0.0
AppLock,0.0
Bangla Newspaper ‚Äì Prothom Alo,0.0
"Canva: Poster, banner, card maker & graphic design",0.0
1800 Contacts - Lens Store,0.31814477362914867
ConnectLine,0.0
Cozi Family Organizer,0.0
Crunchyroll - Everything Anime,0.17599662033872557
"Any.do: To-do list, Calendar, Reminders & Planner",0.0
BaBe Lite - Baca Berita Hemat Kuota,0.0
Been Together (Ad) - D-day,0.0
"Chat Rooms, Avatars, Date - Galaxy",0.0
Chess for Kids - Play & Learn,0.0
BLK - Swipe. Match. Chat.,0.30767763519549235
BaBe - Baca Berita,0.0
CDL Practice Test 2018 Edition,0.0
Candy Smash,0.15726736111111111
Ada - Your Health Guide,0.0
Coloring & Learn,0.0
Cycling - Bike Tracker,0.0
BBW Dating & Curvy Singles Chat- LargeFriends,0.0
Cat Sim Online: Play with Cats,0.0
All Language Translator Free,0.0
BET NOW - Watch Shows,0.0
Blogger,0.0
Calorie Counter - MyNetDiary,0.0
Casual Dating & Adult Singles - Joyride,0.0
"Android Auto - Maps, Media, Messaging & Voice",0.0
Best New Ringtones 2018 Free üî• For Android‚Ñ¢,0.0
CheckPoints üèÜ Rewards App,0.27933577996077996
Chefkoch - Rezepte & Kochen,0.0
AppLock - Fingerprint,0.0
Battlelands Royale,0.0
Business Calendar 2,0.0
Candy Day,0.0
95Live -SG#1 Live Streaming App,0.0
Asteroids 3D live wallpaper,0.0
Bloomberg: Market & Financial News,0.045851740851740846
Calorie Counter - MyFitnessPal,0.0
104 ÊâæÂ∑•‰Ωú - ÊâæÂ∑•‰Ωú ÊâæÊâìÂ∑• ÊâæÂÖºËÅ∑ Â±•Ê≠∑ÂÅ•Ê™¢ Â±•Ê≠∑Ë®∫ÁôÇÂÆ§,0.39240456349206354
Angry Birds Rio,0.0
Dil Mil,0.0
Calorie Counter & Diet Tracker,0.0
Chick-fil-A,0.0
Binaural Beats Meditation,0.35351810515873006
Candy Bomb,0.0
Candy Crush Soda Saga,0.0
ASUS Cover for ZenFone 2,0.0
ASUS Sound Recorder,0.0
Adobe Acrobat Reader,0.0
Angry Birds 2,0.0
Comptia A+ 220-901 & 220-902,0.0
"Dailyhunt (Newshunt) - Latest News, Viral Videos",0.0
Azpen eReader,0.0
BBVA Compass Banking,0.0
Babbel ‚Äì Learn Spanish,0.0
Bus Rush: Subway Edition,0.0
Cash App,0.0
Dinosaur Simulator: Dino World,0.0
365Scores - Live Scores,0.0
"APUS Launcher - Theme, Wallpaper, Hide Apps",0.0
American Airlines,0.0
Binaural Beats Therapy,0.0
Camera51 - a smarter camera,0.0
Cut the Rope FULL FREE,0.0
Dashlane Free Password Manager,0.0
Banco do Brasil,0.22347267316017314
CareZone,0.0
Abs Training-Burn belly fat,0.0
Baby Panda Care,0.0
Credit Sesame,0.0
Die TK-App ‚Äì alles im Griff,0.0
BEYBLADE BURST app,0.0
C++ Tutorials,0.0
Beauty Camera - Selfie Camera,0.0
Best Buy,0.0
Betterment,0.1494894334693326
3D Blue Glass Water Keyboard Theme,0.0
All Football - Latest News & Videos,0.0
Azar,0.0
BBW Dating & Plus Size Chat,0.0
Cars: Lightning League,0.0
Baby Tiger Care - My Cute Virtual Pet Friend,0.0
CWT To Go,0.0
Breathing Zone,0.0
Dice With Buddies‚Ñ¢ Free - The Fun Social Dice Game,0.0
CBS - Full Episodes & Live TV,0.0
DEER HUNTER 2018,0.0
Amazon for Tablets,0.0
Chime - Mobile Banking,0.0
AdWords Express,0.0
Amazon Kindle,0.0
7 Cups: Anxiety & Stress Chat,0.0
AP Mobile - Breaking News,0.0
Blitzer.de,0.0
CreditWise from Capital One,0.0
Acupuncture Assistant,0.0
Buscap√© - Ofertas e descontos,0.0
Digit Save Money Automatically,0.0
1LINE ‚Äì One Line with One Touch,0.0
Calculator Plus Free,0.0
Black People Meet Singles Date,0.0
CM FILE MANAGER HD,0.0
Dairy Queen,0.0
Block Puzzle,0.0
Couch to 5K by RunDouble,0.0
"Apartment List: Housing, Apt, and Property Rentals",0.0
Atlan3D Navigation: Korea navigator,0.0
BioLife Plasma Services,0.0
Cougar Dating Life : Date Older Women Sugar Mummy,0.0
AlReader -any text book reader,0.0
"Amazon FreeTime ‚Äì Kids‚Äô Videos, Books, & TV shows",0.0
Anthem BC Anywhere,0.0
Baby Sleep: White noise lullabies for newborns,0.0
Blossom Blast Saga,0.0
Chilindo,0.0
Davis's Drug Guide,0.0
8fit Workouts & Meal Planner,0.0
BeyondMenu Food Delivery,0.0
Daily Yoga - Yoga Fitness Plans,0.0
BeyondPod Podcast Manager,0.11245826529001753
Curso de Ingles Gratis,0.0
All Maths Formulas,0.0
Blibli.com Belanja Online,0.0
APE Weather ( Live Forecast),0.0
Babbel ‚Äì Learn Languages,0.0
Color Touch Effects,0.0
Cookbook Recipes,0.0
DC Super Hero Girls‚Ñ¢,0.0
Amazon Prime Video,0.0
ClassDojo,0.0
Coupons.com ‚Äì Grocery Coupons & Cash Back Savings,0.0
Diary with lock password,0.0
Call Control - Call Blocker,0.0
Capital One¬Æ Mobile,0.0
Daily Mail Online,0.0
Baby Panda Musical Genius,0.0
Best Car Wallpapers,0.0
2018Emoji Keyboard üòÇ Emoticons Lite -sticker&gif,0.0
A Manual of Acupuncture,0.0
ACE Elite,0.0
Card Wars - Adventure Time,0.0
Digg,0.0
Aviary Stickers: Free Pack,0.0
ABC Preschool Free,0.0
Chictopia,0.0
Citibanamex Movil,0.0
DC Comics,0.0
Age Calculator,0.0
BZWBK24 mobile,0.0
All Social Networks,0.0
BeautyPlus - Easy Photo Editor & Selfie Camera,0.0
Bukalapak - Jual Beli Online,0.0
Cheap Flights & Hotels momondo,0.0
Alarm Clock Free,0.0
Booking.com Travel Deals,0.014540343915343925
4 in a Row,0.0
Allegiant,0.0
B612 - Beauty & Filter Camera,0.0
Cache Cleaner-DU Speed Booster (booster & cleaner),0.0
Clover Dating App,0.0
DStv Now,0.0
Amtrak,0.0
Asphalt 8: Airborne,0.0
Baby ABC in box! Kids alphabet games for toddlers!,0.0
Bed Time Fan - White Noise Sleep Sounds,0.0
21-Day Meditation Experience,0.2533046274712942
BBC Sport,0.0
Camera FV-5 Lite,0.0
"DU Recorder ‚Äì Screen Recorder, Video Editor, Live",0.0
10 Best Foods for You,0.0
ARY NEWS,0.0
Badoo - Free Chat & Dating App,0.1317206404706405
Color Road,0.0
Cookpad,0.0
Baby Panda Learns Shapes,0.0
Banque Populaire,0.0
ClearCareGo Caregiver,0.0
Colorfit - Drawing & Coloring,0.0
A Word A Day,0.0
Baby puzzles,0.0
Calculator ++,0.0
Cloud Print,0.0
591ÊàøÂ±ã‰∫§Êòì-È¶ôÊ∏Ø,0.0
Banjo,0.0
Beauty Makeup Snappy Collage Photo Editor - Lidow,0.0
Camera ZOOM FX - FREE,0.0
"Candy selfie - photo editor, live filter camera",0.0
Creative Ideas - DIY & Craft,0.0
DU Browser‚ÄîBrowse fast & fun,0.1772660982370804
Disney Crossy Road,0.0
Ascape VR: 360¬∞ Virtual Travel,0.0
Block Craft 3D: Building Simulator Games For Free,0.0
Blood Pressure Log - MyDiary,0.33898768411268404
Ancestry,0.0
Coursera: Online courses,0.0
Baby Name Together,0.0
Acorn TV: World-class TV from Britain and Beyond,0.0
Aprender ingl√©s con Wlingua,0.0
Claro,-0.07024420024420022
BluTV,0.0
CM Locker - Security Lockscreen,0.0
"Chispa, the Dating App for Latino, Latina Singles",0.0
Dino War: Rise of Beasts,0.0
7 Day Food Journal Challenge,0.0
Best Ovulation Tracker Fertility Calendar App Glow,0.0
Cute Pet Puppies,0.0
Bowmasters,0.0
Color by Number ‚Äì New Coloring Book,0.0
Agoda ‚Äì Hotel Booking Deals,0.0
Content Transfer,0.16304728178360992
Citi Mobile¬Æ,-0.04870535714285714
ClickMeeting Webinars,0.0
Disney Magic Kingdoms: Build Your Own Magical Park,0.0
Apex Launcher,0.0
Bedroom Decorating Ideas,0.0
"Candy Camera - selfie, beauty camera, photo editor",0.0
Crew - Free Messaging and Scheduling,0.4173319523358586
DisneyNOW ‚Äì TV Shows & Games,0.0
"AliExpress - Smarter Shopping, Better Living",0.0
AndroZip‚Ñ¢ FREE File Manager,0.0
"Best Wallpapers Backgrounds(100,000+ 4K HD)",0.0
Calorie Counter - EasyFit free,0.0
Coupon Sherpa,0.0
Baritastic - Bariatric Tracker,0.4182767368626745
"BiggerCity: Chat for gay bears, chubs & chasers",0.21167546399141793
DSLR Camera Hd Ultra Professional,0.0
Castlight Mobile,0.0
ASOS,0.0
Akinator,0.0
Bubble Witch 3 Saga,0.0
CarMax ‚Äì Cars for Sale: Search Used Car Inventory,0.0
Clash of Clans,0.0
Avakin Life - 3D virtual world,0.0
Chicago Tribune,0.0
Current debit card and app made for teens,0.3272583733540765
Airbnb,0.0
Barclays US for Android,0.0179280039983165
Couchsurfing Travel App,0.0
Baby Monitor,0.0
Bible,0.0
Castle Clash: Heroes of the Empire US,0.0
Classical music for baby,0.0
ASUS Quick Memo,0.0
Anime Manga Coloring Book,0.0
30 Day Fitness Challenge - Workout at Home,0.0
Account Manager,0.0
Airport + Flight Tracker Radar,0.0
BaconReader for Reddit,0.0
Calculator,0.0
Cisco Webex Teams,0.13162434178881546
Agar.io,0.0
"AllTrails: Hiking, Running & Mountain Bike Trails",0.0
Boxed Wholesale,0.28700849999248434
Debonairs Pizza,0.0
Delta Dental,-0.0745691226941227
ADP Mobile Solutions,0.0
Bubble Shooter Space,0.0
DIY Garden Ideas,0.0
Asana: organize team projects,0.0
BBM - Free Calls & Messages,0.0
7 Weeks - Habit & Goal Tracker,0.0
"Apartment, Home Rental Search: Realtor.com Rentals",0.0
Big Days - Events Countdown,0.0
Blur Image Background,0.0
Camera for Android,0.0
Chegg Study - Homework Help,0.0
A+ Gallery - Photos & Videos,0.0
Apartment Decorating Ideas,0.0
Apartments & Rentals - Zillow,0.0
BBC Media Player,0.0
CAIXA,0.0
11st,0.18129421446608945
"Dating App, Flirt & Chat : W-Match",0.0
Chess Free,0.0
DINO HUNTER: DEADLY SHORES,0.0
A&E - Watch Full Episodes of TV Shows,0.0
Adobe Photoshop Express:Photo Editor Collage Maker,0.0
Camera FV-5,0.0
ASUS Calling Screen,0.0
Bad Piggies,0.0
Bloglovin',0.0
Bubble Shooter 2,0.0
Caller ID +,0.0
Common Core,0.0
Add Text To Photo,0.0
Blood Pressure(BP) Diary,0.08768325424575425
ConvertPad - Unit Converter,0.22344972943722938
Find&Save - Local Shopping,0.0
Google Chrome: Fast & Secure,0.0
Floor Plan Creator,0.0
Galaxy Gift,0.0
Happy Fruits Bomb - Cube Blast,0.0
Girls' Frontline,0.0
Google Earth,0.0
Homework Planner,0.0
Epocrates Plus,0.2995946969696969
File Explorer,0.0
FilterGrid - Cam&Photo Editor,0.0
Golf GPS Rangefinder: Golf Pad,0.0
Football Live Scores,0.0
Dog Licks Screen Wallpaper,0.0
Dream League Soccer 2018,0.0
Drugs.com Medication Guide,0.0
"Emoji keyboard - Cute Emoticons, GIF, Stickers",0.0
Food Calorie Calculator,0.0
Dude Perfect 2,0.0
Drawing for Kids Learning Games for Toddlers age 3,0.0
Fast Scanner : Free PDF Scan,0.0
"Fabulous: Motivate Me! Meditate, Relax, Sleep",0.0
Domino's Pizza USA,0.0
Dropbox,0.0
Drawing Clothes Fashion Ideas,0.0
"FIFA - Tournaments, Soccer News & Live Scores",0.0
Fast Secure VPN,0.0
Dr. Panda Town: Vacation,0.0
DraftKings - Daily Fantasy Sports,0.0
English Persian Dictionary,0.0
Evie Launcher,0.0
Farm Heroes Saga,0.0
File Browser by Astro (File Manager),0.0
Housing-Real Estate & Property,0.0
Funny Quotes Free,0.0
Google Play Books,0.0
Home Street ‚Äì Home Design Game,0.0
Google Analytics,0.0
Home Security Camera WardenCam - reuse old phones,0.0
Earn to Die 2,0.0
Goldstar: Live Event Tickets,0.5492664141414142
Email TypeApp - Mail App,0.0
Free Book Reader,0.0
Harkins Theatres,0.0
Flightradar24 Flight Tracker,0.0
Healthy Recipes Free,0.0
Home Scouting¬Æ MLS Mobile,0.0
G Cloud Backup,0.0
Google PDF Viewer,0.10041042117604619
Frontback - Social Photos,0.0
Extreme Match,0.0
Hotels.com: Book Hotel Rooms & Find Vacation Deals,0.0
Funny Alarm Clock Ringtones,0.0
Financial Times,0.0
Gay Sugar Daddy Dating & Hookup ‚Äì Sudy Gay,0.0
Golfshot Plus: Golf GPS,0.38617936958874466
HBO NOW: Stream TV & Movies,0.0
HD Camera Ultra,0.0
HomeAway Vacation Rentals,0.0
DuraSpeed,0.0
Ecobank Mobile Banking,0.0
GPS Map Free,0.0
E*TRADE Mobile,0.0
FOSSIL Q: DESIGN YOUR DIAL,0.2397669880624426
ESPN Fantasy Sports,0.0
"Easy - taxi, car, ridesharing",0.0
EasyBib: Citation Generator,0.0
Gboard - the Google Keyboard,0.0
Google Fit - Fitness Tracking,0.1300530303030303
El tiempo de AEMET,0.0
Gems or jewels ?,0.0
Google Allo,0.0
Hill Climb Racing 2,0.0
Fotor Photo Editor - Photo Collage & Photo Effects,0.0
Family Album Mitene: Private Photo & Video Sharing,0.0
Free Sports TV,0.0
FollowMyHealth¬Æ,0.0
HTC Lock Screen,0.0
English-Myanmar Dictionary,0.0
Flickr,0.0
Hacker's Keyboard,0.2659432123138465
Fancy Widgets,0.0
Free Dating App & Flirt Chat - Match with Singles,0.0
GANMA! - „Ç™„É™„Ç∏„Éä„É´Êº´Áîª„ÅåÂÖ®Ë©±ÁÑ°Êñô„ÅßË™≠„ÅøÊîæÈ°å,0.0
Garden Coloring Book,0.0
Draw a Stickman: EPIC 2,0.0
Facebook Pages Manager,0.0
"GolfNow: Tee Time Deals at Golf Courses, Golf GPS",0.0
HTC Mail,0.07874792828699079
Home Workout for Men - Bodybuilding,0.0
Flippy Campus - Buy & sell on campus at a discount,0.0
Essential Anatomy 3,0.21947755385255394
Everlance: Free Mileage Log,0.0
Galactic Core Free Wallpaper,0.0
Dragon Hills,0.0
"Eve Period Tracker - Love, Sex & Relationships App",0.0
Extreme Racing 2 - Real driving RC cars game!,0.0
"GO Keyboard - Emoticon keyboard, Free Theme, GIF",0.0
Hemnet,0.0
Hotstar,0.0
Draw Your Game,0.0
Fantasy Football,0.0
"Hide Something - Photo, Video",0.0
Horses Live Wallpaper,0.0
Glow Hockey,0.0
High-Powered Flashlight,0.0
Dr. Panda & Toto's Treehouse,0.0
Fitbit Coach,0.0
Foursquare Swarm: Check In,0.0
GPS Traffic Speedcam Route Planner by ViaMichelin,0.0
Google Calendar,0.0
Droid Zap by Motorola,-0.02617970114680641
Girls Online Talk - Free Text and Video Chat,0.0
GlassesOff,0.0
HTC Social Plugin - Facebook,0.0
"HelloTalk ‚Äî Chat, Speak & Learn Foreign Languages",0.0
FINAL FANTASY BRAVE EXVIUS,0.0
"GPS Speedometer, Distance Meter",0.0
Glam - Premium Dating App,0.0
HD Camera Pro for Android,0.0
HOTEL DEALS,0.0
ESPN,0.0
Flipp - Weekly Shopping,0.0
GoodRx Drug Prices and Coupons,0.0
Google Handwriting Input,0.0
Google Assistant,0.0
Genius Scan - PDF Scanner,0.0
Dominos Game ‚úîÔ∏è,0.0
Free Books - Spirit Fanfiction and Stories,0.0
Gardenscapes,0.0
HD Camera for Android,0.0
Dosecast - Medication Reminder,0.0
Golden Launcher,0.0
Hello Stars,0.0
Draw In,0.0
DroidAdmin for Android - Advice,0.0
FlipaClip - Cartoon animation,0.0
GoBank,0.0
HTC Gallery,0.0
Firefox Browser fast & private,0.0
GO Notifier,0.0
Down Dog: Great Yoga Anywhere,0.29430915942446084
Elmo Calls by Sesame Street,0.0
Emmanuella Funny Videos 2018,0.0
Extreme Car Driving Simulator,0.0
Fake Call - Fake Caller ID,0.0
Flipboard: News For Our Time,0.0
Free Foreclosure Real Estate Search by USHUD.com,0.0
"Gametime - Tickets to Sports, Concerts, Theater",0.0
"FastMeet: Chat, Dating, Love",0.0
DramaFever: Stream Asian Drama Shows & Movies,0.0
Dungeon Hunter Champions: Epic Online Action RPG,-0.034255807849557826
Easy Makeup Tutorials,0.0
Fly Delta,0.0
Fruit Cube Blast,0.0
Garden Fruit Legend,0.0
Hangouts Dialer - Call Phones,0.0
Fresh EBT - Food Stamp Balance,0.0
HD Video Player,0.0
HealtheLife,0.05801480051480051
"Free Messages, Video, Chat,Text for Messenger Plus",0.0
Garmin Connect‚Ñ¢,0.15455447330447333
H Pack,0.10824242424242422
Hero Hunters,0.0
GUNSHIP BATTLE: Helicopter 3D,0.0
Girls Hairstyles,0.0
EMT Review Plus,0.0
Endomondo - Running & Walking,0.0
Fashion in Vogue,0.0
Fortune City - A Finance App,0.0
Google Slides,0.0
Google Street View,0.0
HBO GO: Stream with TV Package,0.0
HTC Sense Input-AR,0.2875963541666667
Docs To Go‚Ñ¢ Free Office Suite,0.0
Fallout Shelter,0.0
Funny Ringtones,0.0
Game for KIDS: KIDS match'em,0.0
Gold Butterfly Keyboard Theme,0.0
Fair: A New Way To Own A Car,0.0
Divar,0.0
Farm Fruit Pop: Party Time,0.0
GialloZafferano: le Ricette,0.0
Frozen Free Fall,0.0
ExDialer - Dialer & Contacts,0.0
"Fox News ‚Äì Breaking News, Live Video & News Alerts",0.0
"Free TV Shows App:News, TV Series, Episode, Movies",0.0
Glowing Flowers Live Wallpaper,0.0
Eat24 Food Delivery & Takeout,0.17161052142302144
Entel,0.0
Grim Soul: Dark Fantasy Survival,0.0
ES File Explorer File Manager,0.0
"Hide App, Private Dating, Safe Chat - PrivacyHider",0.0
HTC Speak,0.0
Homesnap Real Estate & Rentals,0.0
HISTORY: Watch TV Show Full Episodes & Specials,0.0
Edmodo,0.0
FidMe Loyalty Cards & Deals at Grocery Supermarket,0.0
Galaxy Attack: Alien Shooter,0.0
Expense IQ Money Manager,0.0
Flashlight - Torch LED Light,0.0
HD Camera - Quick Snap Photo & Video,0.0
Essential Resources,0.29019228745791237
Experian - Free Credit Report,0.0
FERZU - Furries Social Network,0.0
Fandango Movies - Times + Tickets,0.0
Fuzzy Seasons: Animal Forest,0.0
Garena Free Fire,0.0
H TV,0.0
Dollhouse Decorating Games,0.0
Free Dating Hook Up Messenger,0.0
Golf GPS by SwingxSwing,0.20992671858056475
Harry Potter: Hogwarts Mystery,0.0
Draw.ly - Color by Number Pixel Art Coloring,0.0
Fever,0.0
Fruit Boom,0.0
Fraction Calculator Plus Free,0.0
Geocaching¬Æ,0.0
Google Assistant Go,0.0
HDFC Bank MobileBanking,0.0
Dresses Ideas & Fashions +3000,0.0
Extreme Coupon Finder,0.0
Fruit Block - Puzzle Legend,0.0
GS SHOP,0.0
Homescapes,0.0
Dr. Panda Restaurant 3,0.0
Google Trips - Travel Planner,0.0
FREEDOME VPN Unlimited anonymous Wifi Security,0.0
Google Classroom,0.0
Hipmunk Hotels & Flights,0.0
Ebook Reader,0.0
GolfLogix GPS + Putt Breaks,0.0
Etsy: Handmade & Vintage Goods,0.0
Free Meditation - Take a Break,0.0
Freeletics: Personal Trainer & Fitness Workouts,0.0
Girls Live Chat - Free Text & Video Chat,0.0
"FUN Keyboard ‚Äì Emoji Keyboard, Sticker,Theme & GIF",0.0
HTC Help,0.1089267137183804
"Dolphin Browser - Fast, Private & Adblocküê¨",0.0
Fate/Grand Order (English),0.0
"Hily: Dating, Chat, Match, Meet & Hook up",0.0
EliteSingles ‚Äì Dating for Single Professionals,0.0
"Hole19: Golf GPS App, Rangefinder & Scorecard",0.0
Dog Run - Pet Dog Simulator,0.0
Easy Hair Style Design,0.49020370370370353
FotMob - Live Soccer Scores,0.0
Free Live Talk-Video Call,0.0
GPS Speedometer - Trip Meter - Altimeter,0.0
GRE Tutor,0.0
Happify,0.0
Headspace: Meditation & Mindfulness,0.0
Goku Wallpaper Art,0.0
Girly Wallpapers Backgrounds,0.0
"Evernote ‚Äì Organizer, Planner for Notes & Memos",0.0
FOX,0.0
Flight & Hotel Booking App - ixigo,0.0
Doctor Pets,0.0
DreamTrips,0.0
File Manager,0.0
Eurosport,0.0
Filters for B Live,0.0
FlirtChat - ‚ô•Free Dating/Flirting App‚ô•,0.0
Free Dating App - Meet Local Singles - Flirt Chat,0.0
"Expedia Hotels, Flights & Car Rental Travel Deals",0.0
Girly Lock Screen Wallpaper with Quotes,0.0
Google Pay,0.0
GPS Navigation & Offline Maps Sygic,0.0
Enterprise Rent-A-Car,0.0
"GO Weather - Widget, Theme, Wallpaper, Efficient",0.0
HESI A2 Pocket Prep,0.0
Fooducate Healthy Weight Loss & Calorie Counter,0.0
Houzz Interior Design Ideas,0.0
DreamWorks Friends,0.0
Easy Installer - Apps On SD,0.0
HD Movie Video Player,0.0
"Herpes Dating: 1,000K+ Singles",0.0
Foursquare City Guide,0.0
Google Play Movies & TV,0.0
Facebook Ads Manager,0.0
Filters for Selfie,0.0
Hairstyles step by step,0.0
Herpes Positive Singles Dating,0.0
"Free Dating App - YoCutie - Flirt, Chat & Meet",0.0
Geo Tracker - GPS tracker,0.0
Google Duo - High Quality Video Calls,0.0
Hangouts,0.0
"High-Speed Camera (GIF,Burst)",0.0
Eat Fit - Diet and Health Free,0.24737610353130018
Equestria Girls,0.0
Free Dating & Flirt Chat - Choice of Love,0.0
Goibibo - Flight Hotel Bus Car IRCTC Booking App,0.0
Hamilton ‚Äî The Official App,0.0
Hinge: Dating & Relationships,0.0
Hiya - Caller ID & Block,0.0
Fantasy Football Manager (FPL),0.0
Find Real Love ‚Äî YouLove Premium Dating,0.0
FreshBooks Classic,0.0
Henry Danger Crime Warp,0.0
"Hola Launcher- Theme,Wallpaper",0.0
Doodle Jump,0.0
"FOX Sports: Live Streaming, Scores & News",0.0
Golf Channel,-0.026388241388241394
Dragon Sim Online: Be A Dragon,0.0
Free Panda Radio Music,0.0
Grubhub: Food Delivery,0.0
Endless Numbers,0.0
Facebook Lite,0.0
Dolphins Live Wallpaper,0.0
Free live weather on screen,0.0
GPS Speedometer and Odometer,0.0
Golden Dictionary (EN-AR),0.0
Hello Kitty Lunchbox,0.0
"GO Keyboard - Cute Emojis, Themes and GIFs",0.0
Helix Jump,0.0
"Emoji Keyboard - Cute Emoji,GIF, Sticker, Emoticon",0.0
HTC Calendar,0.0
Flipkart Online Shopping App,0.0
Four In A Line Free,0.0
Honkai Impact 3rd,0.0
Faustop Sounds,0.0
Google,0.0
HD Widgets,0.0
EyeEm - Camera & Photo Filter,0.0
Doctor On Demand,0.0
Dumb Ways to Die 2: The Games,0.0
Google My Business,0.0
Hideman VPN,0.0
Family GPS tracker KidControl + GPS by SMS Locator,0.0
Flashlight & LED Torch,0.0
Flowers Live Wallpaper,0.0
Google Docs,0.0
English with Lingualeo,0.0
FP Notebook,0.0
HotelTonight: Book amazing deals at great hotels,0.0
EatStreet Food Delivery App,0.0
Fruit Ninja¬Æ,0.0
"Groupon - Shop Deals, Discounts & Coupons",0.2859407354797981
Gyft - Mobile Gift Card Wallet,-0.06210394723154485
Hitwe - meet people and chat,0.0
Easy Origami Ideas,0.0
EzCalculator,0.0
Files Go by Google: Free up space on your phone,0.0
"Domofond –ù–µ–¥–≤–∏–∂–∏–º–æ—Å—Ç—å. –ö—É–ø–∏—Ç—å, —Å–Ω—è—Ç—å –∫–≤–∞—Ä—Ç–∏—Ä—É.",0.0
Google Translate,0.0
English Grammar Complete Handbook,0.0
Glide - Video Chat Messenger,0.0
Hay Day,0.0
GMAT Question Bank,0.0
Google Play Games,0.0
HTC Service Ôºç DLNA,0.0
Fruits Bomb,0.0
Facebook Local,0.0
Flow Free,0.0
English Dictionary - Offline,0.0
Family Dollar,0.0
Fertility Friend Ovulation App,0.0
HD Camera - Best Cam with filters & panorama,0.0
Goal Live Scores,0.1769290584415584
H&M,0.0
HTC Sense Input,0.02466815476190476
Fat Burning Workout - Home Weight lose,0.0
HTC Service‚ÄîVideo Player,0.04161666661441304
FindShip,0.0
Fun Kid Racing - Motocross,0.0
Garden Photo Frames - Garden Photo Editor,0.3335833333333333
Google Drive,0.0
Food Network,0.0
Farming Simulator 18,0.0
Fast News,0.0
Flashlight HD LED,0.0
Google Primer,0.0
Duolingo: Learn Languages Free,0.1979234927916121
Granny,0.0
GroupMe,0.0
Door Lock Screen,0.0
ForecaWeather,0.0
Gmail,0.0
FBReader: Favorite Book Reader,0.0
Free & Premium VPN - FinchVPN,0.0
GMAT Math Flashcards,0.0
Google News,0.0
Geometry Dash World,0.0
Hotspot Shield Free VPN Proxy & Wi-Fi Security,0.0
Dog Sim Online: Raise a Family,0.0
HTC Weather,0.0
Easy Healthy Recipes,0.0
Episode - Choose Your Story,0.0
Google Ads,0.0
Guns of Glory,-0.1548055648055649
Full Screen Caller ID,0.0
Horoscopes ‚Äì Daily Zodiac Horoscope and Astrology,0.0
EMT-B Pocket Prep,0.0
Font Studio- Photo Texts Image,0.0
"GCash - Buy Load, Pay Bills, Send Money",0.0
Fantasy Football & NFL News,0.0
"GO SMS Pro - Messenger, Free Themes, Emoji",0.0
Homestyler Interior Design & Decorating Ideas,0.0
Hopper - Watch & Book Flights,0.0
"Ebates: Cash Back, Coupons, Rewards & Savings",0.0
Educational Games for Kids,0.0
Fishdom,0.0
FarmersOnly Dating,0.0
Flashlight,0.0
Fun Kid Racing,0.0
Futbol24,0.0
GRE Prep & Practice by Magoosh,0.0
Groovebook Photo Books & Gifts,0.0
Hotwire Hotel & Car Rental App,0.0
Etta Homes,0.0
Four In A Line,0.0
Google Sheets,0.0
HipChat - Chat Built for Teams,0.0
"Home workouts - fat burning, abs, legs, arms,chest",0.0
Fancy,0.0
Educational Games 4 Kids,0.0
EyeCloud,0.0
Firefox Focus: The privacy browser,0.0
FreePrints ‚Äì Free Photos Delivered,0.0
Happy Street,0.0
Free VIN Report for Used Cars,0.0
DoorDash - Food Delivery,0.07426369540952875
Fuelio: Gas log & costs,0.0
GMX Mail,0.0
Hill Climb Racing,0.0
Health and Nutrition Guide,0.0
Home Workout - No Equipment,0.0
EMT Tutor NREMT-B Study Guide,0.0
Family GPS Tracker and Chat + Baby Monitor Online,0.0
Feed Baby - Baby Tracker,0.0
Free Hypnosis,0.0
DreamMapper,0.0
"Free phone calls, free texting SMS on free number",0.0
Elevate - Brain Training Games,0.0
Find a Way: Addictive Puzzle,0.0
"Homes.com üè† For Sale, Rent",0.0
Hello Kitty Nail Salon,0.0
Farming Simulator 14,0.0
Hotels Combined - Cheap deals,0.0
Ever After High‚Ñ¢ Charmed Style,0.0
Game of Thrones: Conquest‚Ñ¢,0.0
Ghostery Privacy Browser,0.0
Google+,0.0
English to Urdu Dictionary,0.0
Facetune - Ad Free,0.0
"HSL - Tickets, route planner and information",0.0
Happy Birthday Songs Offline,0.0
Haystack TV: Local & World News - Free,0.0
"Foot Mercato : transferts, r√©sultats, news, live",0.0
Home Decor Showpiece Art making: Medium Difficulty,0.0
FREE Stock Market Trading Tips,0.0
Fox Business,0.0
Free Dating App & Flirt Chat - Cheers,0.0
Google Keep,0.10403439661681424
Graphing Calculator,0.0
HomeWork,0.0
Google Voice,0.0
Freeme Launcher‚ÄîStylish Theme,0.0
High Blood Pressure Symptoms,0.0
English Grammar Test,0.0
GoPro (formerly Capture),0.0
HTC File Manager,0.0
Dr. Oetker Rezeptideen,0.0
Easy Recipes,0.27053819444444444
Family Locator - GPS Tracker,0.0
FamilySearch Tree,0.0
Hot or Not - Find someone right now,0.0
Final Fantasy XV: A New Empire,0.0
HD Camera,0.0
Do It Later: Tasks & To-Dos,0.0
Draw A Stickman,0.0
GasBuddy: Find Cheap Gas,0.27726208976208977
Hostelworld: Hostels & Cheap Hotels Travel App,0.0
GPS Status & Toolbox,0.0
Galaxy Live Wallpaper,0.0
Google Photos,0.0
Dunkin' Donuts,0.0
Facebook,0.0
Find Dining Restaurant Finder,0.0
Flip the Gun - Simulator Game,0.0
HauteLook,0.0
Events High - Meet Your City!,0.0
File Manager -- Take Command of Your Files Easily,0.0
Flights,0.0
Golfshot: Golf GPS + Tee Times,0.34424886363636364
Easy Voice Recorder,0.0
Funny Pics,0.0
FanDuel: Daily Fantasy Sports,0.0
Fitbit,0.0
GRE Flashcards,0.0
Hot Wheels: Race Off,0.0
"Even - organize your money, get paid early",0.0
FREE LIVE TALK,0.0
"Face Filter, Selfie Editor - Sweet Camera",0.0
FOX NOW - On Demand & Live TV,0.0
